,open,high,low,close,volume,Year,Month,close_t-1,volume_t-1,close_t-2,volume_t-2,close_t-3,volume_t-3
2000-03-31,67.0,67.88,51.06,62.005979044157726,353739500.0,2000,3,64.29963636975287,197030800.0,63.54632105295751,249637000.0,61.6148064025988,165667400.0
2000-04-28,61.0,64.38,50.0,60.65247031274647,215305700.0,2000,4,62.005979044157726,353739500.0,64.29963636975287,197030800.0,63.54632105295751,249637000.0
2000-05-31,57.0,65.19,52.88,63.40988432334079,147977200.0,2000,5,60.65247031274647,215305700.0,62.005979044157726,353739500.0,64.29963636975287,197030800.0
2000-06-30,63.94,70.88,60.0,66.85100261550502,141961800.0,2000,6,63.40988432334079,147977200.0,60.65247031274647,215305700.0,62.005979044157726,353739500.0
2000-07-31,69.69,80.44,64.75,68.97709059752475,161431700.0,2000,7,66.85100261550502,141961800.0,63.40988432334079,147977200.0,60.65247031274647,215305700.0
2000-08-31,65.31,76.63,65.0,70.35556912196742,132864800.0,2000,8,68.97709059752475,161431700.0,66.85100261550502,141961800.0,63.40988432334079,147977200.0
2000-09-29,76.56,76.63,64.13,67.77617935883951,150337500.0,2000,9,70.35556912196742,132864800.0,68.97709059752475,161431700.0,66.85100261550502,141961800.0
2000-10-31,70.31,72.63,51.39,63.57200852916383,203748500.0,2000,10,67.77617935883951,150337500.0,70.35556912196742,132864800.0,68.97709059752475,161431700.0
2000-11-30,58.31,69.13,57.69,63.114654952304576,159921500.0,2000,11,63.57200852916383,203748500.0,67.77617935883951,150337500.0,70.35556912196742,132864800.0
2000-12-29,65.19,70.75,58.0,65.53150617844301,140520800.0,2000,12,63.114654952304576,159921500.0,63.57200852916383,203748500.0,67.77617935883951,150337500.0
2001-01-31,65.88,72.38,54.25,68.18898848804865,249693200.0,2001,1,65.53150617844301,140520800.0,63.114654952304576,159921500.0,63.57200852916383,203748500.0
2001-02-28,69.81,75.06,67.88,67.67041159568058,161677800.0,2001,2,68.18898848804865,249693200.0,65.53150617844301,140520800.0,63.114654952304576,159921500.0
2001-03-30,71.69,74.13,45.44,64.19225794534094,268856100.0,2001,3,67.67041159568058,161677800.0,68.18898848804865,249693200.0,65.53150617844301,140520800.0
2001-04-30,59.38,62.25,50.31,62.79120051900922,241695100.0,2001,4,64.19225794534094,268856100.0,67.67041159568058,161677800.0,68.18898848804865,249693200.0
2001-05-31,61.01,67.6,57.0,63.21594207328217,164791500.0,2001,5,62.79120051900922,241695100.0,64.19225794534094,268856100.0,67.67041159568058,161677800.0
2001-06-29,66.67,70.6,59.5,62.76109301321103,159587600.0,2001,6,63.21594207328217,164791500.0,62.79120051900922,241695100.0,64.19225794534094,268856100.0
2001-07-31,61.7,63.4,53.46,62.5560538685716,180682200.0,2001,7,62.76109301321103,159587600.0,63.21594207328217,164791500.0,62.79120051900922,241695100.0
2001-08-31,63.1,65.6,58.3,61.995045116492264,147304600.0,2001,8,62.5560538685716,180682200.0,62.76109301321103,159587600.0,63.21594207328217,164791500.0
2001-09-28,63.8,66.25,54.81,60.26127429656122,175913400.0,2001,9,61.995045116492264,147304600.0,62.5560538685716,180682200.0,62.76109301321103,159587600.0
2001-10-31,58.74,63.18,55.15,60.02145235381642,202266800.0,2001,10,60.26127429656122,175913400.0,61.995045116492264,147304600.0,62.5560538685716,180682200.0
2001-11-30,57.39,67.42,55.26,60.63537430380009,195020000.0,2001,11,60.02145235381642,202266800.0,60.26127429656122,175913400.0,61.995045116492264,147304600.0
2001-12-31,66.78,69.0,55.0,58.758765488749404,291304400.0,2001,12,60.63537430380009,195020000.0,60.02145235381642,202266800.0,60.26127429656122,175913400.0
2002-01-31,56.9,58.85,53.28,57.13697123849315,246841300.0,2002,1,58.758765488749404,291304400.0,60.63537430380009,195020000.0,60.02145235381642,202266800.0
2002-02-28,58.08,59.95,55.8,57.42203073265547,210091200.0,2002,2,57.13697123849315,246841300.0,58.758765488749404,291304400.0,60.63537430380009,195020000.0
2002-03-28,58.17,62.94,57.01,56.65274472014196,178321700.0,2002,3,57.42203073265547,210091200.0,57.13697123849315,246841300.0,58.758765488749404,291304400.0
2002-04-30,61.48,61.48,50.95,52.91545875492144,228755600.0,2002,4,56.65274472014196,178321700.0,57.42203073265547,210091200.0,57.13697123849315,246841300.0
2002-05-31,52.82,52.99,45.43,48.08677157799098,281297700.0,2002,5,52.91545875492144,228755600.0,56.65274472014196,178321700.0,57.42203073265547,210091200.0
2002-06-28,47.47,48.28,36.73,45.02599597993418,368984100.0,2002,6,48.08677157799098,281297700.0,52.91545875492144,228755600.0,56.65274472014196,178321700.0
2002-07-31,41.45,46.65,30.57,44.515642469806124,501721000.0,2002,7,45.02599597993418,368984100.0,48.08677157799098,281297700.0,52.91545875492144,228755600.0
2002-08-30,45.79,48.92,41.99,44.308085393639175,287418500.0,2002,8,44.515642469806124,501721000.0,45.02599597993418,368984100.0,48.08677157799098,281297700.0
2002-09-30,44.94,47.09,39.12,44.22851999512866,295894000.0,2002,9,44.308085393639175,287418500.0,44.515642469806124,501721000.0,45.02599597993418,368984100.0
2002-10-31,42.11,52.0,41.98,45.57623505313285,414414900.0,2002,10,44.22851999512866,295894000.0,44.308085393639175,287418500.0,44.515642469806124,501721000.0
2002-11-29,46.7,50.36,43.9,47.25641287195734,299496500.0,2002,11,45.57623505313285,414414900.0,44.22851999512866,295894000.0,44.308085393639175,287418500.0
2002-12-31,48.91,53.02,46.56,48.955918807952784,293776400.0,2002,12,47.25641287195734,299496500.0,45.57623505313285,414414900.0,44.22851999512866,295894000.0
2003-01-31,48.34,53.7,48.09,51.39630343267524,287503700.0,2003,1,48.955918807952784,293776400.0,47.25641287195734,299496500.0,45.57623505313285,414414900.0
2003-02-28,51.06,54.7,50.7,54.4853411558489,203302200.0,2003,2,51.39630343267524,287503700.0,48.955918807952784,293776400.0,47.25641287195734,299496500.0
2003-03-31,54.75,59.06,53.58,57.782221325131204,239294000.0,2003,3,54.4853411558489,203302200.0,51.39630343267524,287503700.0,48.955918807952784,293776400.0
2003-04-30,57.92,64.45,56.9,61.10501888947957,226554800.0,2003,4,57.782221325131204,239294000.0,54.4853411558489,203302200.0,51.39630343267524,287503700.0
2003-05-30,61.27,64.9,59.35,64.02168894601456,223201700.0,2003,5,61.10501888947957,226554800.0,57.782221325131204,239294000.0,54.4853411558489,203302200.0
2003-06-30,65.04,67.54,62.45,66.19804751876,211576600.0,2003,6,64.02168894601456,223201700.0,61.10501888947957,226554800.0,57.782221325131204,239294000.0
2003-07-31,65.49,72.37,64.71,67.14953062498455,191832300.0,2003,7,66.19804751876,211576600.0,64.02168894601456,223201700.0,61.10501888947957,226554800.0
2003-08-29,69.33,69.82,64.55,66.17183028607755,139621500.0,2003,8,67.14953062498455,191832300.0,66.19804751876,211576600.0,64.02168894601456,223201700.0
2003-09-30,65.91,70.14,63.61,64.08255835955558,179144500.0,2003,9,66.17183028607755,139621500.0,67.14953062498455,191832300.0,66.19804751876,211576600.0
2003-10-31,64.875,67.5,59.03,61.70102298714461,249375800.0,2003,10,64.08255835955558,179144500.0,66.17183028607755,139621500.0,67.14953062498455,191832300.0
2003-11-28,62.28,62.35,57.1,60.44813145855014,200888100.0,2003,11,61.70102298714461,249375800.0,64.08255835955558,179144500.0,66.17183028607755,139621500.0
2003-12-31,57.79,62.37,56.76,61.5635103516659,182782000.0,2003,12,60.44813145855014,200888100.0,61.70102298714461,249375800.0,64.08255835955558,179144500.0
2004-01-30,62.07,65.73,61.1,62.90952552300544,199243300.0,2004,1,61.5635103516659,182782000.0,60.44813145855014,200888100.0,61.70102298714461,249375800.0
2004-02-27,64.51,66.88,63.0,61.95609938066128,133456300.0,2004,2,62.90952552300544,199243300.0,61.5635103516659,182782000.0,60.44813145855014,200888100.0
2004-03-31,64.02,64.85,57.79,59.19577195722462,240193900.0,2004,3,61.95609938066128,133456300.0,62.90952552300544,199243300.0,61.5635103516659,182782000.0
2004-04-30,58.19,60.8,56.26,56.74202957930959,214208400.0,2004,4,59.19577195722462,240193900.0,61.95609938066128,133456300.0,62.90952552300544,199243300.0
2004-05-28,57.4991,58.95,53.26,55.4473714182343,181347100.0,2004,5,56.74202957930959,214208400.0,59.19577195722462,240193900.0,61.95609938066128,133456300.0
2004-06-30,54.44,56.32,52.15,55.54188298876933,168609300.0,2004,6,55.4473714182343,181347100.0,56.74202957930959,214208400.0,59.19577195722462,240193900.0
2004-07-30,54.88,57.84,53.22,56.7808724536451,178384000.0,2004,7,55.54188298876933,168609300.0,55.4473714182343,181347100.0,56.74202957930959,214208400.0
2004-08-31,56.791,59.91,53.17,57.70073023805176,160223000.0,2004,8,56.7808724536451,178384000.0,55.54188298876933,168609300.0,55.4473714182343,181347100.0
2004-09-30,58.83,60.45,56.36,57.60888700319601,157877100.0,2004,9,57.70073023805176,160223000.0,56.7808724536451,178384000.0,55.54188298876933,168609300.0
2004-10-29,57.2,58.45,52.0,58.142489051357764,169680700.0,2004,10,57.60888700319601,157877100.0,57.70073023805176,160223000.0,56.7808724536451,178384000.0
2004-11-30,56.78,61.09,54.84,60.19787060818952,163983100.0,2004,11,58.142489051357764,169680700.0,57.60888700319601,157877100.0,57.70073023805176,160223000.0
2004-12-31,60.01,64.93,59.98,62.09905915389665,136200900.0,2004,12,60.19787060818952,163983100.0,58.142489051357764,169680700.0,57.60888700319601,157877100.0
2005-01-31,64.2,65.24,60.17,62.17070779918848,160930900.0,2005,1,62.09905915389665,136200900.0,60.19787060818952,163983100.0,58.142489051357764,169680700.0
2005-02-28,61.99,64.17,60.46,60.88984997845469,130645900.0,2005,2,62.17070779918848,160930900.0,62.09905915389665,136200900.0,60.19787060818952,163983100.0
2005-03-31,61.49,62.7,57.63,59.52565563054416,159715900.0,2005,3,60.88984997845469,130645900.0,62.17070779918848,160930900.0,62.09905915389665,136200900.0
2005-04-29,58.58,60.96,56.19,59.689574166461036,169032900.0,2005,4,59.52565563054416,159715900.0,60.88984997845469,130645900.0,62.17070779918848,160930900.0
2005-05-31,58.04,63.01,57.9399,61.77647417167191,156577400.0,2005,5,59.689574166461036,169032900.0,59.52565563054416,159715900.0,60.88984997845469,130645900.0
2005-06-30,62.95,63.51,59.5,66.65090271134605,132666100.0,2005,6,61.77647417167191,156577400.0,59.689574166461036,169032900.0,59.52565563054416,159715900.0
2005-07-29,60.46,83.1,60.26,74.07880777220929,318208900.0,2005,7,66.65090271134605,132666100.0,61.77647417167191,156577400.0,59.689574166461036,169032900.0
2005-08-31,79.74,84.02,78.09,78.45698374125672,163447900.0,2005,8,74.07880777220929,318208900.0,66.65090271134605,132666100.0,61.77647417167191,156577400.0
2005-09-30,79.64,86.92,78.22,78.72717660424136,181586800.0,2005,9,78.45698374125672,163447900.0,74.07880777220929,318208900.0,66.65090271134605,132666100.0
2005-10-31,79.64,81.9,73.13,78.29511164449333,204653900.0,2005,10,78.72717660424136,181586800.0,78.45698374125672,163447900.0,74.07880777220929,318208900.0
2005-11-30,75.25,84.5,73.84,78.61216480471003,146131000.0,2005,11,78.29511164449333,204653900.0,78.72717660424136,181586800.0,78.45698374125672,163447900.0
2005-12-30,81.8,82.08,76.7,77.53404686590693,135795700.0,2005,12,78.61216480471003,146131000.0,78.29511164449333,204653900.0,78.72717660424136,181586800.0
2006-01-31,79.36,81.24,70.65,75.37710117118323,213882600.0,2006,1,77.53404686590693,135795700.0,78.61216480471003,146131000.0,78.29511164449333,204653900.0
2006-02-28,79.81,80.03,70.03,73.94298417848805,275114000.0,2006,2,75.37710117118323,213882600.0,77.53404686590693,135795700.0,78.61216480471003,146131000.0
2006-03-31,75.79,76.88,71.35,71.91202975095104,172605900.0,2006,3,73.94298417848805,275114000.0,75.37710117118323,213882600.0,77.53404686590693,135795700.0
2006-04-28,73.43,73.5,65.99,69.2154789456886,206289000.0,2006,4,71.91202975095104,172605900.0,73.94298417848805,275114000.0,75.37710117118323,213882600.0
2006-05-31,67.83,69.91,65.14,67.47677365716169,189529700.0,2006,5,69.2154789456886,206289000.0,71.91202975095104,172605900.0,73.94298417848805,275114000.0
2006-06-30,67.56,69.45,63.75,67.23366733236028,190710300.0,2006,6,67.47677365716169,189529700.0,69.2154789456886,206289000.0,71.91202975095104,172605900.0
2006-07-31,65.79,70.46,63.52,68.22241289654663,167205600.0,2006,7,67.23366733236028,190710300.0,67.47677365716169,189529700.0,69.2154789456886,206289000.0
2006-08-31,69.21,71.49,64.96,69.56907020863062,160899800.0,2006,8,68.22241289654663,167205600.0,67.23366733236028,190710300.0,67.47677365716169,189529700.0
2006-09-29,68.21,72.57,67.25,71.57534150902775,161279300.0,2006,9,69.56907020863062,160899800.0,68.22241289654663,167205600.0,67.23366733236028,190710300.0
2006-10-31,71.4,77.0,70.08,72.78096298193714,190799500.0,2006,10,71.57534150902775,161279300.0,69.56907020863062,160899800.0,68.22241289654663,167205600.0
2006-11-30,76.0,76.09,70.68,71.5025056985094,147995700.0,2006,11,72.78096298193714,190799500.0,71.57534150902775,161279300.0,69.56907020863062,160899800.0
2006-12-29,70.81,71.99,67.88,69.6192987352386,153834300.0,2006,12,71.5025056985094,147995700.0,72.78096298193714,190799500.0,71.57534150902775,161279300.0
2007-01-31,68.425,76.95,67.85,67.64217024474354,212890500.0,2007,1,69.6192987352386,153834300.0,71.5025056985094,147995700.0,72.78096298193714,190799500.0
2007-02-28,70.19,70.49,63.86,63.91870379772823,253296200.0,2007,2,67.64217024474354,212890500.0,69.6192987352386,153834300.0,71.5025056985094,147995700.0
2007-03-30,62.4,63.15,55.13,60.77372695099531,391466400.0,2007,3,63.91870379772823,253296200.0,67.64217024474354,212890500.0,69.6192987352386,153834300.0
2007-04-30,56.19,64.4,55.45,59.78941246648024,340676700.0,2007,4,60.77372695099531,391466400.0,63.91870379772823,253296200.0,67.64217024474354,212890500.0
2007-05-31,64.4,66.06,52.36,57.86137646074873,431378800.0,2007,5,59.78941246648024,340676700.0,60.77372695099531,391466400.0,63.91870379772823,253296200.0
2007-06-29,56.52,59.31,54.62,55.403644018121575,263290100.0,2007,6,57.86137646074873,431378800.0,59.78941246648024,340676700.0,60.77372695099531,391466400.0
2007-07-31,55.4,57.73,53.68,53.601757316852684,238009800.0,2007,7,55.403644018121575,263290100.0,57.86137646074873,431378800.0,59.78941246648024,340676700.0
2007-08-31,52.46,52.67,48.3,53.31535920274895,277299200.0,2007,8,53.601757316852684,238009800.0,55.403644018121575,263290100.0,57.86137646074873,431378800.0
2007-09-28,50.27,57.74,50.11,55.10351807818044,232052800.0,2007,9,53.31535920274895,277299200.0,53.601757316852684,238009800.0,55.403644018121575,263290100.0
2007-10-31,56.38,59.08,55.06,55.91083555167809,207748600.0,2007,10,55.10351807818044,232052800.0,53.31535920274895,277299200.0,53.601757316852684,238009800.0
2007-11-30,57.89,58.48,52.57,53.34606845802867,201623100.0,2007,11,55.91083555167809,207748600.0,55.10351807818044,232052800.0,53.31535920274895,277299200.0
2007-12-31,53.7,55.53,46.21,49.21259060835514,211544200.0,2007,12,53.34606845802867,201623100.0,55.91083555167809,207748600.0,55.10351807818044,232052800.0
2008-01-31,46.6,48.91,43.93,46.53379035911952,267914100.0,2008,1,49.21259060835514,211544200.0,53.34606845802867,201623100.0,55.91083555167809,207748600.0
2008-02-29,46.31,48.2,43.72,44.76496341177568,189521500.0,2008,2,46.53379035911952,267914100.0,49.21259060835514,211544200.0,53.34606845802867,201623100.0
2008-03-31,45.59,48.55,39.16,43.13701695415685,277524300.0,2008,3,44.76496341177568,189521500.0,46.53379035911952,267914100.0,49.21259060835514,211544200.0
2008-04-30,42.11,44.74,41.2,42.96990477818757,168997300.0,2008,4,43.13701695415685,277524300.0,44.76496341177568,189521500.0,46.53379035911952,267914100.0
2008-05-30,42.19,44.16,41.58,45.2398605302364,146053300.0,2008,5,42.96990477818757,168997300.0,43.13701695415685,277524300.0,44.76496341177568,189521500.0
2008-06-30,44.0,47.41,42.9,50.73874597490756,196861000.0,2008,6,45.2398605302364,146053300.0,42.96990477818757,168997300.0,43.13701695415685,277524300.0
2008-07-31,46.9,64.0,46.8456,57.6464023198557,342075000.0,2008,7,50.73874597490756,196861000.0,45.2398605302364,146053300.0,42.96990477818757,168997300.0
2008-08-29,62.45,65.6,61.72,60.804279133287416,190896300.0,2008,8,57.6464023198557,342075000.0,50.73874597490756,196861000.0,45.2398605302364,146053300.0
2008-09-30,63.46,66.51,55.4989,60.20326597065112,278638317.0,2008,9,60.804279133287416,190896300.0,57.6464023198557,342075000.0,50.73874597490756,196861000.0
2008-10-31,58.89,61.56,45.0,58.71831091034848,321543900.0,2008,10,60.20326597065112,278638317.0,60.804279133287416,190896300.0,57.6464023198557,342075000.0
2008-11-28,60.47,62.46,50.09,57.294711212768604,213147400.0,2008,11,58.71831091034848,321543900.0,60.20326597065112,278638317.0,60.804279133287416,190896300.0
2008-12-31,54.94,60.0,53.5,56.122567978043165,170391200.0,2008,12,57.294711212768604,213147400.0,58.71831091034848,321543900.0,60.20326597065112,278638317.0
2009-01-30,58.586,60.15,52.45,53.8627231313081,162946300.0,2009,1,56.122567978043165,170391200.0,57.294711212768604,213147400.0,58.71831091034848,321543900.0
2009-02-27,54.42,58.89,48.78,50.992374166456685,174995700.0,2009,2,53.8627231313081,162946300.0,56.122567978043165,170391200.0,57.294711212768604,213147400.0
2009-03-31,48.3,52.82,45.73,49.487764353714596,223603000.0,2009,3,50.992374166456685,174995700.0,53.8627231313081,162946300.0,56.122567978043165,170391200.0
2009-04-30,48.78,51.76,44.96,49.43831211575656,192798800.0,2009,4,49.487764353714596,223603000.0,50.992374166456685,174995700.0,53.8627231313081,162946300.0
2009-05-29,48.48,51.0,46.46,50.99657784813104,144012900.0,2009,5,49.43831211575656,192798800.0,49.487764353714596,223603000.0,50.992374166456685,174995700.0
2009-06-30,50.45,53.85,49.21,54.62602272930917,213644400.0,2009,6,50.99657784813104,144012900.0,49.43831211575656,192798800.0,49.487764353714596,223603000.0
2009-07-31,53.5,64.5,50.65,58.548008838946444,253008800.0,2009,7,54.62602272930917,213644400.0,50.99657784813104,144012900.0,49.43831211575656,192798800.0
2009-08-31,62.42,64.76,59.15,59.73843622722029,177373500.0,2009,8,58.548008838946444,253008800.0,54.62602272930917,213644400.0,50.99657784813104,144012900.0
2009-09-30,59.61,62.515,57.64,58.37435735884743,133292100.0,2009,9,59.73843622722029,177373500.0,58.548008838946444,253008800.0,54.62602272930917,213644400.0
2009-10-30,60.15,61.85,52.91,56.43223334692955,181328600.0,2009,10,58.37435735884743,133292100.0,59.73843622722029,177373500.0,58.548008838946444,253008800.0
2009-11-30,52.86,57.73,51.72,56.084756281404324,128244200.0,2009,11,56.43223334692955,181328600.0,58.37435735884743,133292100.0,59.73843622722029,177373500.0
2009-12-31,56.38,57.92,54.12,56.8530479147054,111114000.0,2009,12,56.084756281404324,128244200.0,56.43223334692955,181328600.0,58.37435735884743,133292100.0
2010-01-29,56.63,58.93,54.65,57.49625320232492,147814700.0,2010,1,56.8530479147054,111114000.0,56.084756281404324,128244200.0,56.43223334692955,181328600.0
2010-02-26,58.52,59.42,55.78,57.85558859831393,147007200.0,2010,2,57.49625320232492,147814700.0,56.8530479147054,111114000.0,56.084756281404324,128244200.0
2010-03-31,56.74,60.39,56.21,57.888894118918415,148566600.0,2010,3,57.85558859831393,147007200.0,57.49625320232492,147814700.0,56.8530479147054,111114000.0
2010-04-30,59.95,61.26,57.03,56.28331528518325,127358100.0,2010,4,57.888894118918415,148566600.0,57.85558859831393,147007200.0,57.49625320232492,147814700.0
2010-05-28,57.45,57.95,50.32,53.91949642470949,149573800.0,2010,5,56.28331528518325,127358100.0,57.888894118918415,148566600.0,57.85558859831393,147007200.0
2010-06-30,51.72,58.32,50.75,53.083010870566994,206349700.0,2010,6,53.91949642470949,149573800.0,56.28331528518325,127358100.0,57.888894118918415,148566600.0
2010-07-30,52.59,55.06,50.56,53.12592740294212,128291300.0,2010,7,53.083010870566994,206349700.0,53.91949642470949,149573800.0,56.28331528518325,127358100.0
2010-08-31,55.25,56.135,50.26,53.29752357507675,109208600.0,2010,8,53.12592740294212,128291300.0,53.083010870566994,206349700.0,53.91949642470949,149573800.0
2010-09-30,51.61,56.84,51.28,54.45399910637606,110030600.0,2010,9,53.29752357507675,109208600.0,53.12592740294212,128291300.0,53.083010870566994,206349700.0
2010-10-29,55.57,58.74,54.16,55.11960426219405,128032300.0,2010,10,54.45399910637606,110030600.0,53.29752357507675,109208600.0,53.12592740294212,128291300.0
2010-11-30,57.02,57.95,52.19,54.560333779397084,122791300.0,2010,11,55.11960426219405,128032300.0,54.45399910637606,110030600.0,53.29752357507675,109208600.0
2010-12-31,53.32,57.98,52.98,54.33393819731675,159481100.0,2010,12,54.560333779397084,122791300.0,55.11960426219405,128032300.0,54.45399910637606,110030600.0
2011-01-31,55.2,58.19,54.85,53.92993823955318,120211100.0,2011,1,54.33393819731675,159481100.0,54.560333779397084,122791300.0,55.11960426219405,128032300.0
2011-02-28,55.23,55.88,50.61,53.289720250027216,122824700.0,2011,2,53.92993823955318,120211100.0,54.33393819731675,159481100.0,54.560333779397084,122791300.0
2011-03-31,52.17,54.7,51.34,54.258733979842255,144456600.0,2011,3,53.289720250027216,122824700.0,53.92993823955318,120211100.0,54.33393819731675,159481100.0
2011-04-29,53.94,57.29,52.76,56.685300134488095,162997100.0,2011,4,54.258733979842255,144456600.0,53.289720250027216,122824700.0,53.92993823955318,120211100.0
2011-05-31,56.98,61.53,56.67,58.35405007695439,127535000.0,2011,5,56.685300134488095,162997100.0,54.258733979842255,144456600.0,53.289720250027216,122824700.0
2011-06-30,60.55,60.79,56.73,57.7189069670669,113874400.0,2011,6,58.35405007695439,127535000.0,56.685300134488095,162997100.0,54.258733979842255,144456600.0
2011-07-29,58.44,58.44,53.05,56.10431221797158,109669200.0,2011,7,57.7189069670669,113874400.0,58.35405007695439,127535000.0,56.685300134488095,162997100.0
2011-08-31,55.02,55.61,47.6607,55.42166134706784,204584100.0,2011,8,56.10431221797158,109669200.0,57.7189069670669,113874400.0,58.35405007695439,127535000.0
2011-09-30,55.8299,57.84,52.5,55.830368754509436,125409800.0,2011,9,55.42166134706784,204584100.0,56.10431221797158,109669200.0,57.7189069670669,113874400.0
2011-10-31,54.66,59.05,52.85,57.177348295902554,118046700.0,2011,10,55.830368754509436,125409800.0,55.42166134706784,204584100.0,56.10431221797158,109669200.0
2011-11-30,56.42,58.61,54.59,59.695852382063485,177258600.0,2011,11,57.177348295902554,118046700.0,55.830368754509436,125409800.0,55.42166134706784,204584100.0
2011-12-30,57.7,65.0,56.0,63.3915956624711,219879200.0,2011,12,59.695852382063485,177258600.0,57.177348295902554,118046700.0,55.830368754509436,125409800.0
2012-01-31,64.95,69.63,63.3,66.4757191687254,139168700.0,2012,1,63.3915956624711,219879200.0,59.695852382063485,177258600.0,57.177348295902554,118046700.0
2012-02-29,68.46,70.0,66.35,67.9043183751629,115069400.0,2012,2,66.4757191687254,139168700.0,63.3915956624711,219879200.0,59.695852382063485,177258600.0
2012-03-30,68.21,68.93,65.8,68.82683700225938,90869500.0,2012,3,67.9043183751629,115069400.0,66.4757191687254,139168700.0,63.3915956624711,219879200.0
2012-04-30,67.57,72.0,65.37,69.9329063054513,80200200.0,2012,4,68.82683700225938,90869500.0,67.9043183751629,115069400.0,66.4757191687254,139168700.0
2012-05-31,70.83,71.25,67.99,71.40642608244522,92579700.0,2012,5,69.9329063054513,80200200.0,68.82683700225938,90869500.0,67.9043183751629,115069400.0
2012-06-29,69.01,73.75,67.61,74.96138122983592,108261500.0,2012,6,71.40642608244522,92579700.0,69.9329063054513,80200200.0,68.82683700225938,90869500.0
2012-07-31,73.03,84.39,72.95,79.92492971805468,104905000.0,2012,7,74.96138122983592,108261500.0,71.40642608244522,92579700.0,69.9329063054513,80200200.0
2012-08-31,83.42,85.2777,80.34,83.19084145209558,81132400.0,2012,8,79.92492971805468,104905000.0,74.96138122983592,108261500.0,71.40642608244522,92579700.0
2012-09-28,83.8,85.275,80.6,84.84127289884151,91635700.0,2012,9,83.19084145209558,81132400.0,79.92492971805468,104905000.0,74.96138122983592,108261500.0
2012-10-31,84.5,89.95,83.98,86.33925723850673,83711200.0,2012,10,84.84127289884151,91635700.0,83.19084145209558,81132400.0,79.92492971805468,104905000.0
2012-11-30,86.97,89.08,82.92,87.17965505431374,89029600.0,2012,11,86.33925723850673,83711200.0,84.84127289884151,91635700.0,83.19084145209558,81132400.0
2012-12-31,88.92,90.81,84.56,87.0205008106277,73217900.0,2012,12,87.17965505431374,89029600.0,86.33925723850673,83711200.0,84.84127289884151,91635700.0
2013-01-31,87.36,89.58,81.56,88.30306653046911,146228200.0,2013,1,87.0205008106277,73217900.0,87.17965505431374,89029600.0,86.33925723850673,83711200.0
2013-02-28,86.17,93.42,82.92,93.15096093246625,113010700.0,2013,2,88.30306653046911,146228200.0,87.0205008106277,73217900.0,87.17965505431374,89029600.0
2013-03-28,91.16,102.62,90.35,99.15148565129086,85096100.0,2013,3,93.15096093246625,113010700.0,88.30306653046911,146228200.0,87.0205008106277,73217900.0
2013-04-30,102.6199,114.95,101.7,101.85822251137571,101868500.0,2013,4,99.15148565129086,85096100.0,93.15096093246625,113010700.0,88.30306653046911,146228200.0
2013-05-31,105.05,109.56,100.39,101.49082390904724,70309000.0,2013,5,101.85822251137571,101868500.0,99.15148565129086,85096100.0,93.15096093246625,113010700.0
2013-06-28,100.61,102.29,94.15,102.37459030732475,74154400.0,2013,6,101.49082390904724,70309000.0,101.85822251137571,101868500.0,99.15148565129086,85096100.0
2013-07-31,100.2,111.3,95.05,105.91109247400709,67224200.0,2013,7,102.37459030732475,74154400.0,101.49082390904724,70309000.0,101.85822251137571,101868500.0
2013-08-30,109.6,116.25,103.31,109.32427333621098,74887900.0,2013,8,105.91109247400709,67224200.0,102.37459030732475,74154400.0,101.49082390904724,70309000.0
2013-09-30,110.53,117.91,109.99,112.09289518714687,62882800.0,2013,9,109.32427333621098,74887900.0,105.91109247400709,67224200.0,102.37459030732475,74154400.0
2013-10-31,111.99,118.96,105.76,114.09804998202785,68493200.0,2013,10,112.09289518714687,62882800.0,109.32427333621098,74887900.0,105.91109247400709,67224200.0
2013-11-29,117.07,119.7,110.65,114.74678441704336,63440000.0,2013,11,114.09804998202785,68493200.0,112.09289518714687,62882800.0,109.32427333621098,74887900.0
2013-12-31,114.29,115.95,109.71,115.93678313144055,58493700.0,2013,12,114.74678441704336,63440000.0,114.09804998202785,68493200.0,112.09289518714687,62882800.0
2014-01-31,114.36,124.46,113.12,118.9267793143661,75029900.0,2014,1,115.93678313144055,58493700.0,114.74678441704336,63440000.0,114.09804998202785,68493200.0
2014-02-28,119.68,126.95,114.57,121.3480699657977,63283800.0,2014,2,118.9267793143661,75029900.0,115.93678313144055,58493700.0,114.74678441704336,63440000.0
2014-03-31,122.89,128.96,118.56,120.00247304356013,74142800.0,2014,3,121.3480699657977,63283800.0,118.9267793143661,75029900.0,115.93678313144055,58493700.0
2014-04-30,123.67,127.25,108.2,116.70553366663607,100098000.0,2014,4,120.00247304356013,74142800.0,121.3480699657977,63283800.0,118.9267793143661,75029900.0
2014-05-30,111.38,116.57,109.41,116.69518681635151,66180100.0,2014,5,116.70553366663607,100098000.0,120.00247304356013,74142800.0,121.3480699657977,63283800.0
2014-06-30,116.72,121.0,115.3,120.88016816087526,54503800.0,2014,6,116.69518681635151,66180100.0,116.70553366663607,100098000.0,120.00247304356013,74142800.0
2014-07-31,119.39,131.2367,114.93,128.28822336967198,70786600.0,2014,7,120.88016816087526,54503800.0,116.69518681635151,66180100.0,116.70553366663607,100098000.0
2014-08-29,126.17,139.73,124.76,136.8469594020624,67099600.0,2014,8,128.28822336967198,70786600.0,120.88016816087526,54503800.0,116.69518681635151,66180100.0
2014-09-30,139.62,144.46,135.63,146.07416261647296,62058374.0,2014,9,136.8469594020624,67099600.0,128.28822336967198,70786600.0,120.88016816087526,54503800.0
2014-10-31,140.39,164.65,127.67,156.09011022452415,124360051.0,2014,10,146.07416261647296,62058374.0,136.8469594020624,67099600.0,128.28822336967198,70786600.0
2014-11-28,162.08,167.345,156.615,160.8953359689982,63215884.0,2014,11,156.09011022452415,124360051.0,146.07416261647296,62058374.0,136.8469594020624,67099600.0
2014-12-31,165.12,173.14,154.36,159.03305776228615,77022527.0,2014,12,160.8953359689982,63215884.0,156.09011022452415,124360051.0,146.07416261647296,62058374.0
2015-01-30,160.16,162.76,151.53,156.46456043276618,73069079.0,2015,1,159.03305776228615,77022527.0,160.8953359689982,63215884.0,156.09011022452415,124360051.0
2015-02-27,153.41,159.4,147.42,157.03646157791718,68424424.0,2015,2,156.46456043276618,73069079.0,159.03305776228615,77022527.0,160.8953359689982,63215884.0
2015-03-31,159.29,172.36,152.29,158.2339909249186,74078119.0,2015,3,157.03646157791718,68424424.0,156.46456043276618,73069079.0,159.03305776228615,77022527.0
2015-04-30,159.37,173.6,154.6,157.79000381709568,71938949.0,2015,4,158.2339909249186,74078119.0,157.03646157791718,68424424.0,156.46456043276618,73069079.0
2015-05-29,159.5,165.59,155.58,157.27137968985357,63312913.0,2015,5,157.79000381709568,71938949.0,158.2339909249186,74078119.0,157.03646157791718,68424424.0
2015-06-30,157.59,163.5,150.85,159.86961416619937,69192232.0,2015,6,157.27137968985357,63312913.0,157.79000381709568,71938949.0,158.2339909249186,74078119.0
2015-07-31,154.94,181.81,151.04,161.6642772487515,78119303.0,2015,7,159.86961416619937,69192232.0,157.27137968985357,63312913.0,157.79000381709568,71938949.0
2015-08-31,176.8,177.52,140.0,154.99537966819003,81872260.0,2015,8,161.6642772487515,78119303.0,159.86961416619937,69192232.0,157.27137968985357,63312913.0
2015-09-30,149.11,156.76,130.09,149.8008975274298,89390784.0,2015,9,154.99537966819003,81872260.0,161.6642772487515,78119303.0,159.86961416619937,69192232.0
2015-10-30,138.55,165.0,135.64,153.9803330404422,98060111.0,2015,10,149.8008975274298,89390784.0,154.99537966819003,81872260.0,161.6642772487515,78119303.0
2015-11-30,159.01,165.0,148.0,158.8775514421572,58235787.0,2015,11,153.9803330404422,98060111.0,149.8008975274298,89390784.0,154.99537966819003,81872260.0
2015-12-31,162.71,165.23,153.43,158.23892816723895,67382062.0,2015,12,158.8775514421572,58235787.0,153.9803330404422,98060111.0,149.8008975274298,89390784.0
2016-01-29,159.0,160.21,144.17,152.8726453262503,89489210.0,2016,1,158.23892816723895,67382062.0,158.8775514421572,58235787.0,153.9803330404422,98060111.0
2016-02-29,151.31,153.72,140.04,148.76344685492046,80013659.0,2016,2,152.8726453262503,89489210.0,158.23892816723895,67382062.0,158.8775514421572,58235787.0
2016-03-31,144.3,151.91,139.02,150.7576498013306,83799133.0,2016,3,148.76344685492046,80013659.0,152.8726453262503,89489210.0,158.23892816723895,67382062.0
2016-04-29,150.02,164.7,149.1,155.03130287533958,60909158.0,2016,4,150.7576498013306,83799133.0,148.76344685492046,80013659.0,152.8726453262503,89489210.0
2016-05-31,158.62,159.42,147.12,156.94315156944728,57215773.0,2016,5,155.03130287533958,60909158.0,150.7576498013306,83799133.0,148.76344685492046,80013659.0
2016-06-30,157.61,160.75,143.82,159.7151939019274,65508143.0,2016,6,156.94315156944728,57215773.0,155.03130287533958,60909158.0,150.7576498013306,83799133.0
2016-07-29,152.43,172.26,152.25,165.4965345638621,57109261.0,2016,7,159.7151939019274,65508143.0,156.94315156944728,57215773.0,155.03130287533958,60909158.0
2016-08-31,172.91,176.64,168.76,167.04933223873067,64651277.0,2016,8,165.4965345638621,57109261.0,159.7151939019274,65508143.0,156.94315156944728,57215773.0
2016-09-30,170.55,176.85,165.265,160.28510618059767,60647909.0,2016,9,167.04933223873067,64651277.0,165.4965345638621,57109261.0,159.7151939019274,65508143.0
2016-10-31,166.05,168.69,140.94,150.1155017121958,74479495.0,2016,10,160.28510618059767,60647909.0,167.04933223873067,64651277.0,165.4965345638621,57109261.0
2016-11-30,141.17,152.85,133.64,146.05772916961368,98476356.0,2016,11,150.1155017121958,74479495.0,160.28510618059767,60647909.0,167.04933223873067,64651277.0
2016-12-30,144.24,151.21,138.83,149.76590903253134,70550972.0,2016,12,146.05772916961368,98476356.0,150.1155017121958,74479495.0,160.28510618059767,60647909.0
2017-01-31,147.86,161.0,147.12,158.62966653206487,75000844.0,2017,1,149.76590903253134,70550972.0,146.05772916961368,98476356.0,150.1155017121958,74479495.0
2017-02-28,158.59,178.25,156.91,166.1181471912568,69621110.0,2017,2,158.62966653206487,75000844.0,149.76590903253134,70550972.0,146.05772916961368,98476356.0
2017-03-31,178.0,184.21,162.94,165.98348106338938,109214486.0,2017,3,166.1181471912568,69621110.0,158.62966653206487,75000844.0,149.76590903253134,70550972.0
2017-04-28,164.63,165.61,160.0,162.76044202279274,53919664.0,2017,4,165.98348106338938,109214486.0,166.1181471912568,69621110.0,158.62966653206487,75000844.0
2017-05-31,163.68,164.82,152.16,163.02194856921622,67130467.0,2017,5,162.76044202279274,53919664.0,165.98348106338938,109214486.0,166.1181471912568,69621110.0
2017-06-30,155.4,175.45,155.24,168.51648264165448,80586717.0,2017,6,163.02194856921622,67130467.0,162.76044202279274,53919664.0,165.98348106338938,109214486.0
2017-07-31,172.63,182.6,170.53,174.3036878564691,54033242.0,2017,7,168.51648264165448,80586717.0,163.02194856921622,67130467.0,162.76044202279274,53919664.0
2017-08-31,174.81,178.64,166.52,178.5330441672648,44917326.0,2017,8,174.3036878564691,54033242.0,168.51648264165448,80586717.0,163.02194856921622,67130467.0
2017-09-29,178.14,191.0999,175.361,180.28225886909217,53201643.0,2017,9,178.5330441672648,44917326.0,174.3036878564691,54033242.0,168.51648264165448,80586717.0
2017-10-31,187.03,190.0,169.6842,178.15581039540757,61227549.0,2017,10,180.28225886909217,53201643.0,178.5330441672648,44917326.0,174.3036878564691,54033242.0
2017-11-30,175.3,177.31,168.15,176.3156413762289,51902670.0,2017,11,178.15581039540757,61227549.0,180.28225886909217,53201643.0,178.5330441672648,44917326.0
2017-12-29,174.16,180.74,173.43,177.91104196779145,52654707.0,2017,12,176.3156413762289,51902670.0,178.15581039540757,61227549.0,180.28225886909217,53201643.0
2018-01-31,175.35,201.23,174.42,181.05666167237865,64633848.0,2018,1,177.91104196779145,52654707.0,176.3156413762289,51902670.0,178.15581039540757,61227549.0
2018-02-28,185.0,192.6,168.25,180.01605524775027,91676561.0,2018,2,181.05666167237865,64633848.0,177.91104196779145,52654707.0,176.3156413762289,51902670.0
2018-03-29,184.21,192.62,168.02,176.07967979518662,149952181.0,2018,3,180.01605524775027,91676561.0,181.05666167237865,64633848.0,177.91104196779145,52654707.0
2018-04-30,169.92,178.74,163.31,175.95567545286724,69654807.0,2018,4,176.07967979518662,149952181.0,180.01605524775027,91676561.0,181.05666167237865,64633848.0
2018-05-31,172.15,181.78,165.22,180.11189087297657,71920908.0,2018,5,175.95567545286724,69654807.0,176.07967979518662,149952181.0,180.01605524775027,91676561.0
2018-06-29,180.75,188.09,179.79,186.59633242758517,65122904.0,2018,6,180.11189087297657,71920908.0,175.95567545286724,69654807.0,176.07967979518662,149952181.0
2018-07-31,184.09,197.49,182.7,193.99424521233232,52822533.0,2018,7,186.59633242758517,65122904.0,180.11189087297657,71920908.0,175.95567545286724,69654807.0
2018-08-31,196.33,200.9,192.26,199.57420463366702,47006139.0,2018,8,193.99424521233232,52822533.0,186.59633242758517,65122904.0,180.11189087297657,71920908.0
2018-09-28,199.25,210.19,194.75,201.28049725048612,52465782.0,2018,9,199.57420463366702,47006139.0,193.99424521233232,52822533.0,186.59633242758517,65122904.0
2018-10-31,207.73,209.34,181.31,200.51001627949103,73064926.0,2018,10,201.28049725048612,52465782.0,199.57420463366702,47006139.0,193.99424521233232,52822533.0
2018-11-30,192.81,208.99,185.83,199.908002560606,56156042.0,2018,11,200.51001627949103,73064926.0,201.28049725048612,52465782.0,199.57420463366702,47006139.0
2018-12-31,208.1,208.3,178.29,195.8111237604103,63217974.0,2018,12,199.908002560606,56156042.0,200.51001627949103,73064926.0,201.28049725048612,52465782.0
2019-01-31,192.52,204.33,179.65,190.94490428307319,73674263.0,2019,1,195.8111237604103,63217974.0,199.908002560606,56156042.0,200.51001627949103,73064926.0
2019-02-28,186.51,192.19,182.67,188.98051886997808,55148428.0,2019,2,190.94490428307319,73674263.0,195.8111237604103,63217974.0,199.908002560606,56156042.0
2019-03-29,191.39,192.87,179.01,186.01042743296668,60744024.0,2019,3,188.98051886997808,55148428.0,190.94490428307319,73674263.0,195.8111237604103,63217974.0
2019-04-30,191.14,196.87,174.87,179.76715154433705,59197058.0,2019,4,186.01042743296668,60744024.0,188.98051886997808,55148428.0,190.94490428307319,73674263.0
2019-05-31,175.4,178.5,166.3,176.6335147641893,64324492.0,2019,5,179.76715154433705,59197058.0,186.01042743296668,60744024.0,188.98051886997808,55148428.0
2019-06-28,172.0,187.13,170.56,181.6998453445853,57448080.0,2019,6,176.6335147641893,64324492.0,179.76715154433705,59197058.0,186.01042743296668,60744024.0
2019-07-31,186.88,189.42,173.12,190.75025130160063,58621529.0,2019,7,181.6998453445853,57448080.0,176.6335147641893,64324492.0,179.76715154433705,59197058.0
2019-08-30,186.4,211.9,179.61,198.49690518803385,84458698.0,2019,8,190.75025130160063,58621529.0,181.6998453445853,57448080.0,176.6335147641893,64324492.0
2019-09-30,207.3,209.35,191.69,203.96282252824298,53660832.0,2019,9,198.49690518803385,84458698.0,190.75025130160063,58621529.0,181.6998453445853,57448080.0
2019-10-31,192.58,213.67,188.78,214.80918984576203,48034059.0,2019,10,203.96282252824298,53660832.0,198.49690518803385,84458698.0,190.75025130160063,58621529.0
2019-11-29,214.26,235.8,213.19,227.54693675740234,49063707.0,2019,11,214.80918984576203,48034059.0,203.96282252824298,53660832.0,198.49690518803385,84458698.0
2019-12-31,234.54,244.99,230.78,229.36004207375154,41947919.0,2019,12,227.54693675740234,49063707.0,214.80918984576203,48034059.0,203.96282252824298,53660832.0
2020-01-31,243.0,243.85,210.01,218.5330913758604,51203938.0,2020,1,229.36004207375154,41947919.0,227.54693675740234,49063707.0,214.80918984576203,48034059.0
2020-02-28,216.39,234.64,195.18,209.0635295808504,50053232.0,2020,2,218.5330913758604,51203938.0,229.36004207375154,41947919.0,227.54693675740234,49063707.0
2020-03-31,199.9,216.39,177.05,213.33556548688114,99347905.0,2020,3,209.0635295808504,50053232.0,218.5330913758604,51203938.0,229.36004207375154,41947919.0
2020-04-30,197.56,244.95,194.21,225.69697598591824,61803911.0,2020,4,213.33556548688114,99347905.0,209.0635295808504,50053232.0,218.5330913758604,51203938.0
2020-05-29,233.0,244.5,217.47,232.81952312661195,56221099.0,2020,5,225.69697598591824,61803911.0,213.33556548688114,99347905.0,209.0635295808504,50053232.0
2020-06-30,228.89,239.17,213.86,237.55222772017896,60935124.0,2020,6,232.81952312661195,56221099.0,225.69697598591824,61803911.0,213.33556548688114,99347905.0
2020-07-31,235.52,264.97,232.58,244.17972257844548,53045996.0,2020,7,237.55222772017896,60935124.0,232.81952312661195,56221099.0,225.69697598591824,61803911.0
2020-08-31,244.85,256.91,233.56,248.27499285772848,57089717.0,2020,8,244.17972257844548,53045996.0,237.55222772017896,60935124.0,232.81952312661195,56221099.0
2020-09-30,250.05,260.0641,237.78,242.5104874120887,56153373.0,2020,9,248.27499285772848,57089717.0,244.17972257844548,53045996.0,237.55222772017896,60935124.0
2020-10-30,255.07,258.505,210.28,230.0802654872735,59186117.0,2020,10,242.5104874120887,56153373.0,248.27499285772848,57089717.0,244.17972257844548,53045996.0
2020-11-30,221.56,245.84,217.2,225.6517672181621,51930460.0,2020,11,230.0802654872735,59186117.0,242.5104874120887,56153373.0,248.27499285772848,57089717.0
2020-12-31,224.88,232.19,220.08,230.0231745386684,51754856.0,2020,12,225.6517672181621,51930460.0,230.0802654872735,59186117.0,242.5104874120887,56153373.0
2021-01-29,231.25,276.69,223.67,233.88629392397638,50829780.0,2021,1,230.0231745386684,51754856.0,225.6517672181621,51930460.0,230.0802654872735,59186117.0
2021-02-26,244.3,245.48,223.615,235.80674257636716,46657426.0,2021,2,233.88629392397638,50829780.0,230.0231745386684,51754856.0,225.6517672181621,51930460.0
2021-03-31,225.88,256.595,220.2533,239.71438725090331,71754092.0,2021,3,235.80674257636716,46657426.0,233.88629392397638,50829780.0,230.0231745386684,51754856.0
2021-04-30,249.73,261.0,231.03,240.88784522271447,52299423.0,2021,4,239.71438725090331,71754092.0,235.80674257636716,46657426.0,233.88629392397638,50829780.0
2021-05-28,240.67,258.81,234.58,240.42283742204467,56820825.0,2021,5,240.88784522271447,52299423.0,239.71438725090331,71754092.0,235.80674257636716,46657426.0
2021-06-30,242.2,245.51,232.94,240.48091913290932,54071879.0,2021,6,240.42283742204467,56820825.0,240.88784522271447,52299423.0,239.71438725090331,71754092.0
2021-07-30,243.74,250.39,240.63,236.28025606095255,43724484.0,2021,7,240.48091913290932,54071879.0,240.42283742204467,56820825.0,240.88784522271447,52299423.0
2021-08-31,242.12,244.39,220.16,226.20771733707642,57351326.0,2021,8,236.28025606095255,43724484.0,240.48091913290932,54071879.0,240.42283742204467,56820825.0
2021-09-30,225.55,227.19,211.65,215.40629546911754,53853343.0,2021,9,226.20771733707642,57351326.0,236.28025606095255,43724484.0,240.48091913290932,54071879.0
2021-10-29,213.59,215.64,200.47,208.61089786540862,53322609.0,2021,10,215.40629546911754,53853343.0,226.20771733707642,57351326.0,236.28025606095255,43724484.0
2021-11-30,208.0,219.2541,198.73,209.67171549238856,64333763.0,2021,11,208.61089786540862,53322609.0,215.40629546911754,53853343.0,226.20771733707642,57351326.0
2021-12-31,200.44,231.04,198.64,218.31298069474957,64408481.0,2021,12,209.67171549238856,64333763.0,208.61089786540862,53322609.0,215.40629546911754,53853343.0
2022-01-31,223.63,235.8,219.98,225.66146559308174,56317621.0,2022,1,218.31298069474957,64408481.0,209.67171549238856,64333763.0,208.61089786540862,53322609.0
2022-02-28,227.14,244.71,214.3915,230.64372574062233,68310734.0,2022,2,225.66146559308174,56317621.0,218.31298069474957,64408481.0,209.67171549238856,64333763.0
2022-03-31,225.28,245.48,223.74,235.95979406110047,72435888.0,2022,3,230.64372574062233,68310734.0,225.66146559308174,56317621.0,218.31298069474957,64408481.0
2022-04-29,243.03,258.45,231.15,241.19653662359934,59137209.0,2022,4,235.95979406110047,72435888.0,230.64372574062233,68310734.0,225.66146559308174,56317621.0
2022-05-31,233.37,257.26,227.32,246.268307276936,70035889.0,2022,5,241.19653662359934,59137209.0,235.95979406110047,72435888.0,230.64372574062233,68310734.0
2022-06-30,257.88,257.97,229.49,246.7687730866209,76166654.0,2022,6,246.268307276936,70035889.0,241.19653662359934,59137209.0,235.95979406110047,72435888.0
2022-07-29,243.25,253.765,240.72,244.0775252683886,51623723.0,2022,7,246.7687730866209,76166654.0,246.268307276936,70035889.0,241.19653662359934,59137209.0
2022-08-31,247.34,254.16,238.005,240.49317435245842,58952937.0,2022,8,244.0775252683886,51623723.0,246.7687730866209,76166654.0,246.268307276936,70035889.0
2022-09-30,241.12,249.23,223.3,244.61921450575403,56755895.0,2022,9,240.49317435245842,58952937.0,244.0775252683886,51623723.0,246.7687730866209,76166654.0
2022-10-31,228.27,274.54,226.42,261.1285693139104,55949424.0,2022,10,244.61921450575403,56755895.0,240.49317435245842,58952937.0,244.0775252683886,51623723.0
2022-11-30,269.6,296.67,259.8422,271.1798651540746,64905914.0,2022,11,261.1285693139104,55949424.0,244.61921450575403,56755895.0,240.49317435245842,58952937.0
2022-12-30,288.0,288.09,259.51,264.39140179676747,56301917.0,2022,12,271.1798651540746,64905914.0,261.1285693139104,55949424.0,244.61921450575403,56755895.0
2023-01-31,260.87,276.84,249.89,251.135574644653,43433169.0,2023,1,264.39140179676747,56301917.0,271.1798651540746,64905914.0,261.1285693139104,55949424.0
2023-02-28,249.16,249.96,231.6,241.42656619493474,52525179.0,2023,2,251.135574644653,43433169.0,264.39140179676747,56301917.0,271.1798651540746,64905914.0
2023-03-31,230.37,242.81,225.4,238.26803761013,59935365.0,2023,3,241.42656619493474,52525179.0,251.135574644653,43433169.0,264.39140179676747,56301917.0
2023-04-28,242.0,256.44,233.17,234.250776192057,37027620.0,2023,4,238.26803761013,59935365.0,241.42656619493474,52525179.0,251.135574644653,43433169.0
2023-05-31,240.03,241.2999,214.48,227.68648443822764,50819770.0,2023,5,234.250776192057,37027620.0,238.26803761013,59935365.0,241.42656619493474,52525179.0
2023-06-30,219.96,231.9499,211.71,227.7336944107803,58521816.0,2023,6,227.68648443822764,50819770.0,234.250776192057,37027620.0,238.26803761013,59935365.0
2023-07-31,221.21,238.48,218.44,237.8500329291388,51881544.0,2023,7,227.7336944107803,58521816.0,227.68648443822764,50819770.0,234.250776192057,37027620.0
2023-08-31,234.93,268.24,228.21,251.99119794545385,56925163.0,2023,8,237.8500329291388,51881544.0,227.7336944107803,58521816.0,227.68648443822764,50819770.0
2023-09-29,258.68,273.61,248.38,260.65130998152074,47065406.0,2023,9,251.99119794545385,56925163.0,237.8500329291388,51881544.0,227.7336944107803,58521816.0
2023-10-31,267.71,288.46,249.7001,264.17471872485925,61197114.0,2023,10,260.65130998152074,47065406.0,251.99119794545385,56925163.0,237.8500329291388,51881544.0
2023-11-30,256.27,274.95,255.09,273.0327658574402,46205034.0,2023,11,264.17471872485925,61197114.0,260.65130998152074,47065406.0,251.99119794545385,56925163.0
2023-12-29,269.965,289.04,266.63,287.30288859434563,49367634.0,2023,12,273.0327658574402,46205034.0,264.17471872485925,61197114.0,260.65130998152074,47065406.0
